Job Title,Company,Location
Data Analyst,The Walt Disney Company,"Santa Monica, CA"
Data Analyst,Stripe,"New York, United States"
Data Analyst,Stripe,United States
Data Analyst,Stripe,"San Francisco, CA"
Data Analyst,Stripe,"Seattle, WA"
Data Analyst,New American Funding,"Tustin, CA"
Data Analyst,Bradesco Bank,"Coral Gables, FL"
Data Analyst,Jacoby & Meyers Accident & Injury Lawyers,"Los Angeles, CA"
Data Analyst,Jiffy.com,"San Francisco, CA"
Data Analyst,Zynga,"Austin, TX"
Data Analyst,Realtor.com,"Austin, TX"
Data Analyst,Jiffy.com,"Dallas, TX"
Data Analyst,Equiliem,United States
Data Analyst,Jiffy.com,"Miami, FL"
Data Analyst,PitchBook,"New York, NY"
Data Analyst,Odiin.,"New York, United States"
Data Analyst,Jiffy.com,"Irvine, CA"
Data Analyst,East West Bank,"Pasadena, CA"
Data Analyst,PrudentRx,"Tampa, FL"
Data Analyst,Good Apple,"New York, NY"
Data Analyst,YES! Communities,Denver Metropolitan Area
Data Analyst,Helic & Co.,United States
Data Analyst,Baseten,"San Francisco, CA"
Data Analyst,WorkGenius Group,"Orlando, FL"
Data Analyst,Gemean,United States
Data Analyst,OP Consulting Group LLC,United States
Data Analyst,Robert Half,"Atlanta, GA"
Data Analyst,FlowerHire,"Los Angeles, CA"
Data Analyst,Air Apps,"San Francisco, CA"
Data Analyst,Equativ,"New York, NY"
Data Analyst,Dexian,"Washington, DC"
Data Analyst,Royal Caribbean Group,"Miami, FL"
Data Analyst,Insight Global,"Santa Monica, CA"
Data Analyst,Schonfeld,"New York, NY"
